user_id,pool_acceptance,pickup_flexibility,fare_sensitivity,eco_score,adaptability_score
USER_0001,0.56,0.79,0.41,0.09,58.4
USER_0002,0.89,0.29,0.37,0.01,55.4
USER_0003,0.57,0.08,0.46,0.37,39.0
USER_0004,0.19,0.49,0.32,0.08,31.9
USER_0005,0.97,0.05,0.61,0.78,58.6
USER_0006,0.89,1.0,0.06,0.33,67.4
USER_0007,0.47,0.36,0.81,0.67,53.9
USER_0008,0.24,0.96,0.17,0.35,43.5
USER_0009,0.22,0.77,0.63,0.8,50.8
USER_0010,0.81,0.41,0.45,0.89,58.2
USER_0011,0.07,0.12,0.77,0.84,29.5
USER_0012,0.64,0.24,0.83,0.48,57.7
USER_0013,0.64,0.67,0.2,0.08,51.7
USER_0014,0.18,0.83,0.68,0.37,52.5
USER_0015,0.7,0.98,0.19,0.42,63.1
USER_0016,0.71,0.13,0.12,0.96,35.9
USER_0017,0.35,0.16,0.93,0.57,46.7
USER_0018,0.48,0.04,0.16,0.64,25.2
USER_0019,0.83,0.26,0.23,0.78,47.9
USER_0020,0.52,0.82,0.13,0.57,49.3
USER_0021,0.62,0.2,0.47,0.6,44.9
USER_0022,0.41,0.55,0.92,0.25,60.5
USER_0023,0.15,0.45,0.26,0.06,27.3
USER_0024,1.0,0.33,0.54,0.72,66.1
USER_0025,0.53,0.62,0.41,0.85,52.1
USER_0026,0.34,0.5,0.34,0.41,38.8
USER_0027,0.71,0.33,0.57,0.55,55.4
USER_0028,0.62,0.69,0.56,0.31,62.3
USER_0029,0.23,0.28,0.36,0.45,28.4
USER_0030,0.88,0.64,0.85,0.21,79.9
USER_0031,0.07,0.96,0.05,0.76,33.1
USER_0032,0.61,0.73,0.09,0.49,49.0
USER_0033,0.48,0.42,0.99,0.55,61.5
USER_0034,0.32,0.75,0.75,0.04,57.8
USER_0035,0.83,0.81,0.8,0.62,81.5
USER_0036,0.66,0.33,0.6,0.2,54.3
USER_0037,0.76,0.71,0.42,0.38,64.3
USER_0038,0.41,0.43,0.63,0.41,48.2
USER_0039,0.94,0.82,0.09,0.45,64.9
USER_0040,0.34,0.3,0.76,0.23,45.4
USER_0041,0.53,0.94,0.54,0.85,65.6
USER_0042,0.93,0.57,0.96,0.43,83.1
USER_0043,0.08,0.35,0.64,0.61,32.9
USER_0044,0.11,0.42,0.15,0.61,21.5
USER_0045,0.99,0.35,0.48,0.61,64.5
USER_0046,0.97,0.15,0.06,0.56,45.1
USER_0047,0.77,0.07,0.75,0.82,55.4
USER_0048,0.48,0.32,0.5,0.81,43.8
USER_0049,0.51,0.46,0.37,0.42,45.3
USER_0050,0.26,0.36,0.97,0.64,50.3
USER_0051,0.43,0.01,0.94,0.1,45.7
USER_0052,0.43,0.58,0.95,0.09,63.1
USER_0053,0.04,0.14,0.22,0.48,12.4
USER_0054,0.45,0.21,0.73,0.9,46.2
USER_0055,0.48,0.12,0.95,0.65,51.3
USER_0056,0.67,0.52,0.57,0.67,59.5
USER_0057,0.52,0.1,0.21,0.16,30.1
USER_0058,0.86,0.26,0.82,0.45,66.8
USER_0059,0.37,0.45,0.88,0.4,54.7
USER_0060,0.41,0.17,0.7,0.78,42.5
USER_0061,0.57,0.45,0.29,0.14,45.0
USER_0062,0.2,0.34,0.19,0.54,23.9
USER_0063,0.39,0.86,0.62,0.91,60.0
USER_0064,0.69,0.79,0.48,0.89,65.7
USER_0065,0.41,0.99,0.67,0.85,66.2
USER_0066,0.91,0.53,0.11,0.37,55.6
USER_0067,0.62,0.58,0.14,0.94,46.4
USER_0068,0.15,0.95,0.36,0.81,45.3
USER_0069,0.49,0.4,0.26,0.85,39.4
USER_0070,0.76,0.56,0.62,0.93,65.8
USER_0071,0.64,0.38,0.37,0.94,48.1
USER_0072,0.89,0.55,0.68,0.24,72.5
USER_0073,0.75,0.08,0.77,0.13,55.5
USER_0074,0.06,0.78,0.19,0.69,31.5
USER_0075,0.11,0.99,0.92,0.56,61.7
USER_0076,0.65,0.07,0.79,0.33,51.8
USER_0077,0.24,0.8,0.63,0.68,52.5
USER_0078,0.59,0.24,0.91,0.06,58.1
USER_0079,0.79,0.2,0.27,0.05,45.7
USER_0080,0.58,0.69,0.42,0.35,56.5
USER_0081,0.42,0.04,0.09,0.19,20.7
USER_0082,0.65,0.46,0.46,0.72,53.6
USER_0083,0.14,0.0,0.51,0.95,20.9
USER_0084,0.72,0.55,0.62,0.66,63.9
USER_0085,0.7,0.46,0.06,0.65,43.6
USER_0086,0.51,0.92,0.03,0.01,48.9
USER_0087,0.28,0.72,0.42,0.51,45.4
USER_0088,0.8,0.13,0.19,0.82,41.6
USER_0089,0.51,0.35,0.76,0.65,53.7
USER_0090,0.06,0.93,0.67,0.23,50.4
USER_0091,0.92,0.73,0.33,0.85,68.6
USER_0092,0.77,0.59,0.05,0.96,50.0
USER_0093,0.58,0.56,0.18,0.28,45.4
USER_0094,0.44,0.4,0.69,0.21,50.3
USER_0095,0.96,0.59,0.99,0.34,85.8
USER_0096,0.78,0.77,0.33,0.06,64.2
USER_0097,0.53,0.13,0.8,0.87,49.1
USER_0098,0.65,0.97,0.87,0.93,81.2
USER_0099,0.28,0.24,0.05,0.63,19.9
USER_0100,0.2,0.45,0.92,0.76,49.1
USER_0101,0.27,0.02,0.47,0.67,25.5
USER_0102,0.29,0.55,0.96,0.38,56.9
USER_0103,0.74,0.38,0.54,0.63,57.2
USER_0104,0.14,0.25,0.24,0.84,20.3
USER_0105,0.78,0.99,0.97,0.81,90.0
USER_0106,0.52,0.43,0.24,0.08,40.9
USER_0107,0.38,0.41,0.88,0.46,53.9
USER_0108,0.3,0.46,0.17,0.4,30.9
USER_0109,0.51,0.12,0.67,0.75,44.1
USER_0110,0.32,0.39,0.41,0.5,36.8
USER_0111,0.43,0.34,0.97,0.35,56.5
USER_0112,0.74,0.47,0.18,0.71,49.1
USER_0113,0.63,0.86,0.41,0.47,63.3
USER_0114,0.75,0.19,0.64,0.26,54.9
USER_0115,0.71,0.61,0.98,0.89,76.1
USER_0116,0.82,0.04,0.3,0.11,43.0
USER_0117,0.2,0.32,0.4,0.02,29.6
USER_0118,1.0,0.47,0.46,0.14,67.9
USER_0119,0.48,0.07,0.25,0.16,28.8
USER_0120,0.72,0.54,0.82,0.54,69.6
USER_0121,0.68,0.31,0.09,0.62,39.2
USER_0122,0.57,0.99,0.7,0.45,73.5
USER_0123,1.0,0.63,0.53,0.2,74.8
USER_0124,0.22,0.24,0.24,0.13,23.2
USER_0125,0.42,0.1,0.49,0.49,34.5
USER_0126,0.13,0.04,0.83,0.57,31.3
USER_0127,0.18,0.09,0.45,0.3,23.4
USER_0128,0.71,0.68,0.12,0.22,52.4
USER_0129,0.0,0.85,0.04,0.08,26.7
USER_0130,0.89,0.16,0.78,0.03,63.8
USER_0131,0.63,0.4,0.33,0.11,47.1
USER_0132,0.44,0.35,0.93,0.74,56.0
USER_0133,0.33,0.64,0.62,0.34,51.0
USER_0134,0.13,0.18,0.44,0.03,23.8
USER_0135,0.92,0.95,0.56,0.51,82.1
USER_0136,0.71,0.73,0.46,0.54,64.1
USER_0137,0.34,0.96,0.91,0.43,69.7
USER_0138,0.07,0.28,0.46,0.11,25.0
USER_0139,0.33,0.59,0.1,0.75,33.9
USER_0140,0.18,0.73,0.6,0.69,47.1
USER_0141,0.79,0.71,0.62,0.39,71.5
USER_0142,0.72,0.02,0.77,0.38,52.5
USER_0143,0.5,1.0,0.93,0.16,77.9
USER_0144,0.89,0.93,0.44,0.75,76.7
USER_0145,0.18,0.12,0.35,0.6,21.3
USER_0146,0.45,0.54,0.49,0.09,48.9
USER_0147,0.71,0.31,0.9,0.38,64.7
USER_0148,0.07,0.88,0.98,0.9,58.6
USER_0149,0.37,0.7,0.97,0.45,64.9
USER_0150,0.57,0.22,0.23,0.32,36.3
USER_0151,0.37,0.03,0.5,0.64,30.7
USER_0152,0.48,0.29,0.26,0.2,35.7
USER_0153,0.61,0.04,0.37,0.52,36.7
USER_0154,0.37,0.14,0.03,0.67,19.9
USER_0155,0.11,0.64,0.16,0.85,28.4
USER_0156,0.14,0.75,0.4,0.69,40.1
USER_0157,0.53,0.47,0.36,0.38,46.1
USER_0158,0.17,0.6,0.28,0.77,33.2
USER_0159,0.89,0.16,0.23,0.9,47.3
USER_0160,0.83,0.32,0.75,0.48,65.3
USER_0161,0.35,0.71,0.29,0.0,44.0
USER_0162,0.83,0.36,0.71,0.88,65.3
USER_0163,0.53,0.35,0.37,0.17,42.8
USER_0164,0.16,0.19,0.8,0.13,36.1
USER_0165,0.61,0.59,0.17,0.31,47.2
USER_0166,0.68,0.81,0.16,0.38,56.3
USER_0167,0.08,0.47,0.68,0.8,37.7
USER_0168,0.31,0.12,0.91,0.39,43.3
USER_0169,0.01,0.84,0.14,0.05,29.8
USER_0170,0.32,0.07,0.07,0.64,17.0
USER_0171,0.34,0.47,0.93,0.67,55.6
USER_0172,0.63,0.26,0.12,0.81,36.6
USER_0173,0.2,0.94,0.25,0.4,43.7
USER_0174,0.03,0.74,0.93,0.09,51.3
USER_0175,0.32,0.57,0.8,0.55,53.9
USER_0176,0.83,0.67,0.34,0.12,63.5
USER_0177,0.4,0.53,0.95,0.02,60.4
USER_0178,0.42,0.15,0.57,0.78,38.4
USER_0179,0.47,0.71,0.07,0.4,42.2
USER_0180,0.75,0.49,0.7,0.53,65.7
USER_0181,0.48,0.63,0.54,0.66,54.3
USER_0182,0.09,0.05,0.57,0.4,22.2
USER_0183,0.21,0.14,0.99,0.05,42.3
USER_0184,0.19,0.59,0.15,0.25,29.8
USER_0185,0.51,0.46,0.66,0.19,54.0
USER_0186,0.03,0.23,0.46,0.98,21.9
USER_0187,0.28,0.24,0.27,0.74,26.5
USER_0188,0.61,0.63,0.69,0.45,64.0
USER_0189,0.35,0.06,0.67,0.06,35.9
USER_0190,0.71,0.43,0.86,0.12,67.1
USER_0191,0.39,0.52,0.88,0.81,57.6
USER_0192,0.98,0.31,0.56,0.95,65.3
USER_0193,0.97,0.82,0.33,0.03,73.3
USER_0194,0.8,0.06,0.53,0.91,49.7
USER_0195,0.95,0.87,0.36,0.38,74.9
USER_0196,0.2,0.72,0.28,0.21,38.0
USER_0197,0.75,0.45,0.55,0.1,60.0
USER_0198,0.32,0.92,0.66,0.77,60.2
USER_0199,0.73,0.7,0.59,0.47,67.9
USER_0200,0.37,0.93,0.95,0.83,71.2
USER_0201,0.29,0.47,0.3,0.23,34.7
USER_0202,0.96,0.45,0.37,0.68,63.0
USER_0203,0.21,0.53,0.67,0.12,44.4
USER_0204,0.76,0.07,0.6,0.09,50.5
USER_0205,0.67,0.91,0.0,0.13,54.1
USER_0206,0.3,0.67,0.31,0.81,41.4
USER_0207,0.46,0.62,0.25,0.66,44.5
USER_0208,0.14,0.93,0.84,0.17,58.7
USER_0209,0.92,0.99,0.87,0.38,92.6
USER_0210,0.97,0.16,0.28,0.76,52.0
USER_0211,0.73,0.75,0.1,0.29,54.7
USER_0212,0.85,0.58,0.21,0.92,57.7
USER_0213,0.08,0.46,0.18,0.91,22.4
USER_0214,0.38,0.98,0.24,0.55,51.8
USER_0215,0.33,0.85,0.23,0.63,45.6
USER_0216,0.56,0.7,0.48,0.65,57.8
USER_0217,0.18,0.38,0.32,0.26,28.2
USER_0218,0.56,0.67,0.56,0.37,59.3
USER_0219,0.65,0.53,0.34,0.14,52.1
USER_0220,0.13,0.25,0.81,0.92,37.0
USER_0221,0.13,0.45,0.95,0.72,47.2
USER_0222,0.04,0.21,0.4,0.05,19.9
USER_0223,0.76,0.5,0.05,0.55,46.9
USER_0224,0.33,0.72,0.24,0.34,42.0
USER_0225,0.23,0.04,0.1,0.82,13.4
USER_0226,0.78,0.77,0.34,0.34,64.5
USER_0227,0.14,0.02,0.65,0.64,25.7
USER_0228,0.43,0.52,0.52,0.17,48.4
USER_0229,0.74,0.57,0.24,0.56,53.9
USER_0230,0.57,0.76,0.77,0.29,68.7
USER_0231,0.55,0.76,0.13,0.16,48.7
USER_0232,0.16,0.42,0.23,0.62,25.9
USER_0233,0.18,0.07,0.68,0.64,29.7
USER_0234,0.58,0.69,0.2,0.98,49.9
USER_0235,0.02,0.51,0.68,0.67,36.5
USER_0236,0.87,0.33,0.98,0.52,74.1
USER_0237,0.35,0.23,0.83,0.91,45.8
USER_0238,0.42,0.12,0.16,0.83,25.2
USER_0239,0.26,0.3,0.52,0.55,35.0
USER_0240,0.88,0.46,0.42,0.51,61.6
USER_0241,0.64,0.48,0.99,0.94,69.7
USER_0242,0.45,0.58,0.96,0.62,64.2
USER_0243,0.59,0.36,0.13,0.71,38.3
USER_0244,0.38,0.92,0.91,0.09,70.1
USER_0245,0.47,0.5,0.19,0.72,39.5
USER_0246,0.36,0.42,0.32,0.26,36.6
USER_0247,0.41,0.05,0.35,0.12,28.4
USER_0248,0.31,0.6,0.29,0.85,39.1
USER_0249,0.08,0.6,0.85,0.69,46.7
USER_0250,0.04,0.58,0.33,0.41,28.9
USER_0251,0.17,0.89,0.82,0.43,58.1
USER_0252,0.25,0.76,0.99,0.2,62.5
USER_0253,0.89,0.87,0.84,0.01,86.9
USER_0254,0.61,0.06,0.35,0.35,36.7
USER_0255,0.96,0.32,0.71,0.15,69.3
USER_0256,0.34,0.32,0.53,0.42,39.1
USER_0257,0.4,0.66,0.79,0.83,59.5
USER_0258,0.72,0.45,0.15,0.11,46.8
USER_0259,0.58,0.78,0.64,0.09,65.8
USER_0260,0.53,0.38,0.77,0.9,55.7
USER_0261,0.58,0.22,0.76,0.75,52.6
USER_0262,0.58,0.29,0.96,0.05,60.7
USER_0263,0.77,0.18,0.06,0.08,38.0
USER_0264,0.67,0.2,0.35,0.68,43.3
USER_0265,0.96,0.22,0.48,0.37,59.4
USER_0266,0.95,0.02,0.31,0.72,47.9
USER_0267,0.42,0.72,0.31,0.4,47.7
USER_0268,0.04,0.4,0.18,0.97,19.0
USER_0269,0.01,0.02,0.81,0.69,25.3
USER_0270,0.12,0.37,0.91,0.05,43.2
USER_0271,0.07,0.91,0.08,0.33,32.5
USER_0272,0.37,0.51,0.15,0.56,34.6
USER_0273,0.05,0.99,0.23,0.14,38.6
USER_0274,0.62,0.54,0.51,0.0,56.3
USER_0275,0.19,0.96,0.79,0.08,60.1
USER_0276,0.51,0.2,0.07,0.52,28.5
USER_0277,0.1,0.29,0.64,0.63,31.9
USER_0278,0.83,0.7,0.15,0.09,58.7
USER_0279,0.78,0.99,0.97,0.67,90.0
USER_0280,0.39,0.83,0.9,0.62,67.5
USER_0281,0.91,0.55,0.95,0.94,81.4
USER_0282,0.19,0.09,0.11,0.84,13.6
USER_0283,0.81,0.36,0.49,0.94,57.9
USER_0284,0.55,0.09,0.17,0.97,29.8
USER_0285,0.33,0.31,0.6,0.44,40.5
USER_0286,0.08,0.26,0.23,0.49,17.9
USER_0287,0.17,0.39,0.77,0.28,41.6
USER_0288,0.86,0.84,0.64,0.51,78.8
USER_0289,0.61,0.15,0.57,0.15,46.0
USER_0290,0.24,0.31,0.83,0.67,43.8
USER_0291,0.5,0.26,0.5,0.02,42.8
USER_0292,0.11,0.3,0.27,0.24,21.5
USER_0293,0.1,0.36,0.62,0.21,33.4
USER_0294,0.91,0.24,0.96,0.94,72.4
USER_0295,0.46,0.94,0.6,0.14,64.6
USER_0296,0.36,0.42,0.63,0.89,45.9
USER_0297,0.95,0.11,0.93,0.12,69.2
USER_0298,0.4,0.47,0.52,0.65,45.7
USER_0299,0.34,0.18,1.0,0.32,49.0
USER_0300,0.27,0.22,0.16,0.32,22.2
USER_0301,0.57,0.29,0.54,1.0,47.7
USER_0302,0.56,0.12,0.21,0.23,32.3
USER_0303,0.02,0.72,0.45,0.2,35.9
USER_0304,0.65,0.79,0.17,0.59,54.8
USER_0305,0.79,0.39,0.22,0.74,49.9
USER_0306,0.62,0.69,0.21,0.98,51.8
USER_0307,0.87,0.39,0.32,0.7,56.1
USER_0308,0.28,0.16,0.13,0.56,19.9
USER_0309,0.19,0.4,0.81,0.41,43.9
USER_0310,0.7,0.56,0.22,0.6,51.4
USER_0311,0.19,0.04,0.42,0.6,21.4
USER_0312,0.09,0.65,0.02,0.22,23.7
USER_0313,0.1,0.74,0.1,0.67,29.2
USER_0314,0.77,0.86,0.9,0.2,83.6
USER_0315,0.03,0.1,0.84,0.49,29.4
USER_0316,0.29,0.0,0.84,0.26,36.8
USER_0317,0.13,0.07,0.41,0.31,19.6
USER_0318,0.75,0.92,0.14,0.61,61.8
USER_0319,0.5,0.77,0.11,0.06,46.4
USER_0320,0.21,0.84,0.61,0.01,51.9
USER_0321,0.75,0.52,0.83,0.13,70.5
USER_0322,0.75,0.53,0.9,0.17,72.9
USER_0323,0.52,0.3,0.29,0.2,38.5
USER_0324,0.28,0.84,0.32,0.77,46.0
USER_0325,0.59,0.83,0.1,0.45,51.5
USER_0326,0.93,0.39,0.77,0.47,72.0
USER_0327,0.05,0.33,0.28,0.64,20.3
USER_0328,0.27,0.74,0.48,0.73,47.4
USER_0329,0.28,0.03,0.93,0.0,40.0
USER_0330,0.63,0.86,0.75,0.86,73.5
USER_0331,0.65,0.45,0.05,0.99,41.0
USER_0332,0.21,0.44,0.01,0.12,21.9
USER_0333,0.22,0.67,0.79,0.65,52.6
USER_0334,0.93,0.65,0.55,0.0,73.2
USER_0335,0.76,0.27,0.72,0.05,60.1
USER_0336,0.93,0.94,0.16,0.29,70.2
USER_0337,0.83,0.99,0.87,0.85,89.0
USER_0338,0.4,0.53,0.77,0.65,55.0
USER_0339,0.12,0.56,0.89,0.45,48.3
USER_0340,0.63,0.55,0.34,0.44,51.9
USER_0341,0.35,0.49,0.28,0.47,37.1
USER_0342,0.43,0.95,0.15,0.31,50.2
USER_0343,0.43,0.24,0.93,0.88,52.3
USER_0344,0.94,0.11,0.18,0.57,46.3
USER_0345,0.07,0.93,0.12,0.48,34.3
USER_0346,0.19,0.21,0.19,0.47,19.6
USER_0347,0.61,0.75,0.77,0.94,70.0
USER_0348,0.88,0.2,0.89,0.72,67.9
USER_0349,0.92,0.96,0.81,0.14,89.9
USER_0350,0.56,0.79,0.56,0.44,62.9
USER_0351,0.03,0.92,0.99,0.29,58.5
USER_0352,0.36,0.95,0.07,0.99,45.0
USER_0353,0.92,0.08,0.87,0.42,65.3
USER_0354,0.5,0.43,0.43,0.07,45.8
USER_0355,0.73,0.65,0.46,0.41,62.5
USER_0356,0.27,0.8,0.13,0.32,38.7
USER_0357,0.03,0.24,0.03,0.6,9.3
USER_0358,0.58,0.91,0.32,0.23,60.1
USER_0359,0.83,0.22,0.17,0.04,44.9
USER_0360,0.99,0.87,0.48,0.1,80.1
USER_0361,0.85,0.51,0.15,0.28,53.8
USER_0362,0.55,0.52,0.14,0.35,41.8
USER_0363,0.61,0.37,0.88,0.83,61.9
USER_0364,0.82,0.1,0.92,0.27,63.4
USER_0365,0.02,0.35,0.96,0.03,40.1
USER_0366,0.95,0.43,0.68,0.78,71.3
USER_0367,0.53,0.48,0.77,0.87,58.7
USER_0368,0.95,0.74,0.84,0.49,85.4
USER_0369,0.76,0.35,0.66,0.28,60.7
USER_0370,0.15,0.41,0.33,0.77,28.2
USER_0371,0.17,0.91,0.16,0.01,38.9
USER_0372,0.35,0.75,0.24,0.92,43.7
USER_0373,0.26,0.02,0.84,0.87,36.2
USER_0374,0.44,0.81,0.7,0.54,62.9
USER_0375,0.6,0.99,0.46,0.28,67.5
USER_0376,0.44,0.94,0.03,0.03,46.7
USER_0377,0.06,0.84,0.27,1.0,35.7
USER_0378,0.98,0.63,0.73,0.76,80.0
USER_0379,0.43,0.28,0.51,0.34,40.9
USER_0380,0.85,0.65,0.44,0.02,66.7
USER_0381,0.07,0.7,0.31,0.64,33.1
USER_0382,0.81,0.28,0.61,0.99,59.1
USER_0383,0.17,0.26,0.97,0.71,43.7
USER_0384,0.68,0.4,0.9,0.08,66.2
USER_0385,0.66,0.64,0.03,0.4,46.5
USER_0386,0.91,0.29,0.48,0.11,59.5
USER_0387,0.32,0.56,0.33,0.91,39.5
USER_0388,0.11,0.9,0.51,0.33,46.7
USER_0389,0.86,0.3,0.61,0.73,61.7
USER_0390,0.33,0.97,0.2,0.08,48.3
USER_0391,0.23,0.47,0.78,0.13,46.7
USER_0392,0.49,0.1,0.48,0.68,37.0
USER_0393,0.15,0.06,0.99,0.84,37.5
USER_0394,0.3,0.34,0.03,0.2,23.1
USER_0395,0.39,0.26,0.19,0.42,29.1
USER_0396,0.28,0.84,0.69,0.62,57.1
USER_0397,0.45,0.74,0.7,0.8,61.2
USER_0398,0.38,0.88,0.58,0.63,59.0
USER_0399,0.77,0.59,0.97,0.1,77.6
USER_0400,0.92,0.44,0.42,0.54,62.6
USER_0401,0.1,0.27,0.42,0.88,24.7
USER_0402,0.82,0.58,0.91,0.87,77.5
USER_0403,0.93,0.62,0.54,0.59,72.0
USER_0404,0.69,0.39,0.35,1.0,49.8
USER_0405,1.0,0.94,0.72,0.11,89.8
USER_0406,0.34,0.64,0.62,0.48,51.4
USER_0407,0.83,0.84,0.31,0.78,67.7
USER_0408,0.67,0.62,0.3,0.14,54.4
USER_0409,0.32,0.32,0.4,0.97,34.4
USER_0410,0.7,0.74,0.07,0.35,52.3
USER_0411,0.51,0.23,0.94,0.35,55.5
USER_0412,0.19,0.6,0.18,0.21,31.0
USER_0413,0.17,0.4,0.19,0.29,24.5
USER_0414,0.71,0.15,0.65,0.58,52.4
USER_0415,0.71,0.41,0.72,0.43,62.3
USER_0416,0.53,0.31,0.74,0.19,52.7
USER_0417,0.5,0.11,0.38,0.81,34.7
USER_0418,0.18,0.82,0.87,0.06,57.9
USER_0419,0.43,0.5,0.54,0.83,48.4
USER_0420,0.87,0.35,0.44,0.27,58.5
USER_0421,0.85,0.5,0.81,0.5,73.3
USER_0422,0.66,0.75,0.24,0.38,56.1
USER_0423,1.0,0.02,0.86,0.57,66.4
USER_0424,0.89,0.55,0.54,0.8,68.3
USER_0425,0.15,0.48,0.9,0.99,47.4
USER_0426,0.4,0.89,0.2,0.31,48.7
USER_0427,0.13,0.56,0.94,0.55,50.2
USER_0428,0.47,0.14,0.69,0.47,43.7
USER_0429,0.78,0.39,0.62,1.0,61.5
USER_0430,0.16,0.62,0.42,0.81,37.6
USER_0431,0.88,0.05,0.96,0.4,65.5
USER_0432,0.57,0.88,0.44,0.48,62.4
USER_0433,0.75,0.07,0.5,0.25,47.1
USER_0434,0.05,0.03,0.78,0.76,26.3
USER_0435,0.09,0.0,0.28,0.85,12.0
USER_0436,0.62,0.68,0.29,0.96,53.9
USER_0437,0.84,0.46,0.78,0.57,70.8
USER_0438,0.87,0.1,0.13,0.67,41.7
USER_0439,0.69,0.86,0.82,0.45,78.0
USER_0440,0.2,0.2,0.63,0.61,32.9
USER_0441,0.2,0.33,0.54,0.35,34.1
USER_0442,0.88,0.18,0.23,0.74,47.5
USER_0443,0.11,0.93,0.79,0.02,56.0
USER_0444,0.69,0.76,0.8,0.03,74.4
USER_0445,0.53,0.72,0.48,0.72,57.2
USER_0446,0.42,0.04,0.39,0.93,29.7
USER_0447,0.44,0.52,0.25,0.63,40.7
USER_0448,0.95,0.58,0.75,0.73,77.9
USER_0449,0.86,0.38,0.64,0.82,65.0
USER_0450,0.86,0.32,0.21,0.36,50.3
USER_0451,0.41,0.85,0.79,0.11,65.6
USER_0452,0.11,0.02,0.88,0.93,31.4
USER_0453,1.0,0.63,0.06,0.94,60.7
USER_0454,0.15,0.39,0.77,0.44,40.8
USER_0455,0.52,0.67,0.85,0.22,66.4
USER_0456,0.26,0.2,0.99,0.89,46.1
USER_0457,0.51,0.24,0.24,0.71,34.8
USER_0458,0.3,0.59,0.37,0.01,40.8
USER_0459,0.9,0.98,0.97,0.11,94.5
USER_0460,0.97,0.97,0.09,0.98,70.6
USER_0461,0.41,0.25,0.52,0.04,39.5
USER_0462,0.07,0.1,0.51,0.28,21.1
USER_0463,0.66,0.59,0.61,0.55,62.4
USER_0464,0.38,0.42,0.33,0.18,37.7
USER_0465,0.99,0.76,0.93,0.23,90.3
USER_0466,0.09,0.53,0.27,0.35,27.6
USER_0467,0.12,0.51,0.65,0.27,39.6
USER_0468,0.7,0.65,0.5,0.8,62.5
USER_0469,0.76,0.13,0.27,0.5,42.4
USER_0470,0.47,0.68,0.19,0.28,44.9
USER_0471,0.28,0.49,0.96,0.31,54.7
USER_0472,0.31,0.82,0.56,0.04,53.8
USER_0473,0.34,0.14,0.6,0.05,35.8
USER_0474,0.23,0.3,0.78,0.72,41.6
USER_0475,0.85,0.95,0.08,0.11,64.9
USER_0476,0.07,0.55,0.71,0.48,40.6
USER_0477,0.41,0.93,0.17,0.84,49.4
USER_0478,0.75,0.69,0.74,0.37,72.9
USER_0479,0.0,0.93,0.14,0.35,32.1
USER_0480,0.88,0.32,0.83,0.87,69.7
USER_0481,0.71,0.09,0.68,0.86,51.5
USER_0482,0.07,0.8,0.39,0.88,38.5
USER_0483,0.89,0.8,0.36,0.57,70.4
USER_0484,0.49,0.62,0.15,0.95,42.7
USER_0485,0.65,0.58,0.9,0.82,70.4
USER_0486,0.88,0.91,0.12,0.42,66.1
USER_0487,0.88,0.18,0.47,0.63,54.7
USER_0488,0.41,0.62,0.24,0.12,42.2
USER_0489,0.24,0.05,1.0,0.55,41.1
USER_0490,0.26,0.14,0.59,0.26,32.3
USER_0491,0.77,0.44,0.15,0.28,48.5
USER_0492,0.93,0.82,0.67,0.13,81.9
USER_0493,0.07,0.73,0.99,0.36,54.4
USER_0494,0.02,0.97,0.61,0.48,48.2
USER_0495,0.82,0.04,0.46,0.6,47.8
USER_0496,0.39,0.38,0.29,0.3,35.7
USER_0497,0.28,0.16,0.09,0.79,18.7
USER_0498,0.19,0.04,0.23,0.52,15.7
USER_0499,0.35,0.26,0.55,0.64,38.3
USER_0500,0.97,0.24,0.75,0.28,68.5
USER_0501,0.98,0.42,0.88,0.81,78.2
USER_0502,0.33,0.14,0.79,0.62,41.1
USER_0503,0.96,0.49,0.13,0.86,57.0
USER_0504,0.3,0.92,0.77,0.16,62.7
USER_0505,0.85,0.75,0.58,0.38,73.9
USER_0506,0.21,0.84,0.47,0.11,47.7
USER_0507,0.83,0.8,0.57,0.22,74.3
USER_0508,0.35,0.39,0.01,0.39,26.0
USER_0509,0.2,0.71,0.07,0.89,31.4
USER_0510,0.93,0.75,0.53,0.56,75.6
USER_0511,0.21,0.21,0.17,0.33,19.8
USER_0512,0.99,0.86,0.55,0.75,81.9
USER_0513,0.11,0.46,0.35,0.02,28.7
USER_0514,0.01,0.02,0.91,0.37,28.3
USER_0515,0.87,0.64,0.95,0.6,82.5
USER_0516,0.59,0.68,0.98,0.58,73.4
USER_0517,0.42,0.55,0.9,0.61,60.3
USER_0518,0.08,0.21,0.99,0.21,39.2
USER_0519,0.57,0.48,0.71,0.34,58.5
USER_0520,0.39,0.4,0.96,0.93,56.4
USER_0521,0.48,0.97,0.64,0.97,67.5
USER_0522,0.63,0.82,0.81,0.31,74.1
USER_0523,0.64,0.76,0.13,0.64,52.3
USER_0524,0.96,0.18,0.68,0.24,64.2
USER_0525,0.66,0.33,0.93,0.37,64.2
USER_0526,0.34,0.38,0.54,0.79,41.2
USER_0527,0.33,0.49,0.19,0.5,33.6
USER_0528,0.48,0.03,0.53,0.85,36.0
USER_0529,0.26,0.59,0.71,0.63,49.4
USER_0530,0.38,0.36,0.77,0.63,49.1
USER_0531,0.84,0.56,0.52,0.03,66.0
USER_0532,0.86,0.01,0.22,0.75,41.3
USER_0533,0.63,0.32,0.93,0.98,62.7
USER_0534,0.58,0.77,0.77,0.47,69.4
USER_0535,0.43,0.5,0.27,0.16,40.3
USER_0536,0.64,0.79,0.81,0.98,73.6
USER_0537,0.81,0.7,0.35,0.29,63.9
USER_0538,0.74,0.85,0.31,0.41,64.4
USER_0539,0.04,0.01,0.86,0.08,27.7
USER_0540,0.73,0.26,0.87,0.11,63.1
USER_0541,0.72,0.55,0.4,0.22,57.3
USER_0542,0.1,0.94,0.01,0.55,32.5
USER_0543,0.15,0.68,0.19,0.56,32.1
USER_0544,0.79,0.46,0.91,0.61,72.7
USER_0545,0.56,0.13,0.9,0.58,53.3
USER_0546,0.82,0.49,0.45,0.5,61.0
USER_0547,0.18,0.44,0.3,0.8,29.4
USER_0548,0.03,0.78,0.3,0.93,33.6
USER_0549,0.16,0.41,0.9,0.27,45.7
USER_0550,0.45,0.32,0.32,0.13,37.2
USER_0551,0.52,0.09,0.51,0.43,38.8
USER_0552,0.86,0.05,0.73,0.03,57.8
USER_0553,0.72,0.44,0.21,0.88,48.3
USER_0554,0.99,0.35,0.25,0.24,57.6
USER_0555,0.08,0.56,0.36,0.55,30.8
USER_0556,0.13,0.71,0.65,0.12,46.0
USER_0557,0.08,0.04,0.82,0.55,29.0
USER_0558,0.54,0.5,0.55,0.04,53.1
USER_0559,0.27,0.86,0.13,0.77,40.5
USER_0560,0.68,0.46,0.45,0.96,54.5
USER_0561,0.13,0.52,0.13,0.31,24.7
USER_0562,0.1,0.49,0.09,0.26,21.4
USER_0563,0.46,0.39,0.59,0.45,47.8
USER_0564,0.38,0.11,0.96,0.62,47.3
USER_0565,0.83,0.13,0.84,0.19,62.3
USER_0566,0.84,0.18,0.77,0.8,62.1
USER_0567,0.12,0.79,0.73,0.2,50.4
USER_0568,0.81,0.28,0.9,0.01,67.8
USER_0569,0.56,0.95,0.75,0.52,73.4
USER_0570,0.5,0.81,0.63,0.12,63.2
USER_0571,0.09,0.68,0.36,0.7,34.8
USER_0572,0.74,0.72,0.1,0.17,54.2
USER_0573,0.06,0.05,0.46,0.82,17.7
USER_0574,0.28,0.57,0.92,0.47,55.9
USER_0575,0.1,0.94,0.58,0.57,49.6
USER_0576,0.53,0.04,0.18,0.19,27.8
USER_0577,0.65,0.29,0.65,0.15,54.2
USER_0578,0.89,0.05,0.47,0.63,51.2
USER_0579,0.73,0.57,0.93,0.26,74.2
USER_0580,0.96,0.12,0.16,0.39,46.8
USER_0581,0.76,0.48,0.71,0.48,66.1
USER_0582,0.3,0.72,0.68,0.23,54.0
USER_0583,0.55,0.16,0.98,0.8,56.2
USER_0584,0.46,0.76,0.56,0.94,58.0
USER_0585,0.57,0.06,0.87,0.43,50.7
USER_0586,0.57,0.15,0.02,0.92,27.9
USER_0587,0.7,0.28,0.12,0.88,40.0
USER_0588,0.08,0.8,0.35,0.17,37.7
USER_0589,0.75,0.85,0.62,0.17,74.1
USER_0590,0.14,0.22,0.45,0.48,25.7
USER_0591,0.03,0.1,0.2,0.53,10.2
USER_0592,0.52,0.85,0.59,0.34,64.0
USER_0593,0.58,0.65,0.57,0.31,59.8
USER_0594,0.03,0.16,0.52,0.43,21.6
USER_0595,0.52,0.56,0.09,0.69,40.3
USER_0596,0.53,0.87,0.93,0.08,75.2
USER_0597,0.05,0.07,0.59,0.71,21.8
USER_0598,0.71,0.08,0.26,0.93,38.6
USER_0599,0.21,0.27,0.69,0.76,37.2
USER_0600,0.79,0.65,0.32,0.19,60.7
USER_0601,0.31,0.18,0.51,0.09,33.1
USER_0602,0.48,0.82,0.34,0.49,54.0
USER_0603,0.89,0.75,0.88,0.96,84.5
USER_0604,0.81,0.56,0.99,0.82,78.9
USER_0605,0.78,0.12,0.16,0.56,39.6
USER_0606,0.16,0.99,0.02,0.14,36.7
USER_0607,0.05,0.49,0.22,0.71,23.3
USER_0608,0.61,0.45,0.59,0.81,55.6
USER_0609,0.41,1.0,0.17,0.94,51.5
USER_0610,0.91,0.86,0.81,0.61,86.5
USER_0611,0.35,0.46,0.41,0.51,40.1
USER_0612,0.41,0.42,0.61,0.62,47.3
USER_0613,0.53,0.1,0.46,0.94,38.0
USER_0614,0.8,0.93,0.9,0.63,86.9
USER_0615,0.27,0.84,0.04,0.26,37.2
USER_0616,0.94,0.31,0.73,0.64,68.8
USER_0617,0.54,0.75,0.65,0.88,63.6
USER_0618,0.84,0.76,0.65,0.57,75.9
USER_0619,0.53,0.23,0.41,0.5,40.4
USER_0620,0.77,0.61,0.02,0.73,49.7
USER_0621,0.05,0.26,0.69,0.66,30.5
USER_0622,0.8,0.79,0.83,0.06,80.6
USER_0623,0.52,0.15,0.09,0.73,28.0
USER_0624,0.45,0.67,0.44,0.41,51.3
USER_0625,0.11,0.33,0.16,0.94,19.1
USER_0626,0.74,0.04,0.61,0.97,49.1
USER_0627,0.13,0.12,0.79,0.45,32.5
USER_0628,0.19,0.65,0.67,0.97,47.2
USER_0629,0.13,0.24,0.32,0.31,22.0
USER_0630,0.01,0.63,0.14,0.68,23.5
USER_0631,0.66,0.41,0.79,0.08,62.4
USER_0632,0.27,0.69,0.32,0.14,41.1
USER_0633,0.15,0.49,0.02,0.86,21.3
USER_0634,0.32,0.31,0.57,0.89,39.2
USER_0635,0.5,0.15,0.25,0.53,32.0
USER_0636,0.5,0.34,0.84,0.34,55.4
USER_0637,0.37,0.63,0.14,0.45,37.9
USER_0638,0.49,0.74,0.43,0.87,54.7
USER_0639,0.43,0.16,0.25,0.21,29.5
USER_0640,0.82,0.66,0.69,0.29,73.3
USER_0641,0.03,0.18,0.55,0.79,23.1
USER_0642,0.87,0.22,0.79,0.94,65.1
USER_0643,0.24,0.53,0.46,0.09,39.3
USER_0644,0.72,0.29,0.0,0.8,37.5
USER_0645,0.41,0.66,0.22,0.65,42.8
USER_0646,0.29,0.96,1.0,0.23,70.4
USER_0647,0.62,0.15,0.41,0.76,41.6
USER_0648,0.77,0.57,0.62,0.73,66.5
USER_0649,0.45,0.92,0.9,0.14,72.6
USER_0650,0.47,0.18,0.02,0.5,24.8
USER_0651,0.06,0.37,0.66,0.76,33.3
USER_0652,0.92,0.12,0.29,0.19,49.1
USER_0653,0.85,0.64,0.28,0.46,61.6
USER_0654,0.4,0.67,0.22,0.12,42.7
USER_0655,0.76,0.66,0.82,0.31,74.8
USER_0656,0.31,0.54,0.37,0.22,39.7
USER_0657,0.73,0.75,0.07,0.51,53.8
USER_0658,0.52,0.04,0.1,0.14,25.0
USER_0659,0.46,0.96,0.15,0.38,51.7
USER_0660,0.06,0.22,0.9,0.28,36.0
USER_0661,0.97,0.12,0.43,0.75,55.3
USER_0662,0.84,0.94,0.92,0.7,89.4
USER_0663,0.79,0.83,0.82,0.09,81.1
USER_0664,0.3,0.76,0.84,0.95,60.0
USER_0665,0.29,0.1,0.29,0.74,23.3
USER_0666,0.57,0.81,0.27,0.62,55.2
USER_0667,0.85,0.61,0.56,0.48,69.1
USER_0668,0.93,0.73,0.42,0.18,71.7
USER_0669,0.27,0.98,0.51,0.96,55.5
USER_0670,0.61,0.19,0.05,0.01,31.6
USER_0671,0.72,0.5,0.97,0.69,72.9
USER_0672,0.23,0.75,0.06,0.51,33.5
USER_0673,0.41,0.43,0.18,0.9,34.7
USER_0674,0.19,0.05,0.68,0.38,29.5
USER_0675,0.7,0.11,0.16,0.52,36.1
USER_0676,0.86,0.6,0.11,0.74,55.7
USER_0677,0.88,0.29,0.15,0.05,48.4
USER_0678,0.67,0.14,0.06,0.05,32.8
USER_0679,0.35,0.34,0.25,0.21,31.7
USER_0680,0.66,0.2,0.27,0.15,40.5
USER_0681,0.86,0.02,0.5,0.01,50.0
USER_0682,0.63,0.15,0.44,0.62,42.9
USER_0683,0.41,0.88,0.47,0.8,56.9
USER_0684,0.92,0.01,0.62,0.96,55.7
USER_0685,0.84,0.77,0.23,0.44,63.6
USER_0686,0.88,0.75,0.13,0.28,61.6
USER_0687,0.9,0.56,0.88,0.86,79.2
USER_0688,0.39,0.21,0.63,0.84,40.8
USER_0689,0.86,0.88,0.06,0.62,62.6
USER_0690,0.57,0.48,0.96,0.27,66.0
USER_0691,0.04,0.17,0.69,0.91,27.4
USER_0692,0.64,0.43,0.15,0.18,43.0
USER_0693,0.47,0.19,0.97,0.04,53.6
USER_0694,0.28,0.38,0.37,0.8,33.7
USER_0695,0.97,0.5,0.98,0.56,83.2
USER_0696,0.06,0.36,0.1,0.25,16.2
USER_0697,0.95,0.66,0.16,0.67,62.6
USER_0698,0.16,0.94,0.66,0.77,54.4
USER_0699,0.38,0.35,0.02,0.84,26.3
USER_0700,0.42,0.36,0.02,0.28,28.2
USER_0701,0.73,0.74,0.79,0.03,75.1
USER_0702,0.22,0.53,0.17,0.51,29.8
USER_0703,0.99,0.43,0.92,0.86,80.1
USER_0704,0.75,0.81,0.43,0.21,67.2
USER_0705,0.79,0.89,0.87,0.42,84.4
USER_0706,0.11,0.59,0.42,0.26,34.7
USER_0707,0.48,0.19,0.53,0.01,40.8
USER_0708,0.95,0.47,0.32,0.9,61.7
USER_0709,0.27,0.5,0.66,0.14,45.6
USER_0710,0.15,0.43,0.32,0.77,28.5
USER_0711,0.49,0.26,0.22,0.35,34.0
USER_0712,0.93,0.47,0.08,0.28,53.7
USER_0713,0.49,0.45,0.06,0.94,34.9
USER_0714,0.4,0.21,0.31,0.66,31.6
USER_0715,0.65,0.9,0.74,0.69,75.2
USER_0716,0.94,0.89,0.21,0.76,70.6
USER_0717,0.05,0.76,0.3,0.34,33.8
USER_0718,0.15,0.4,0.91,0.56,45.3
USER_0719,0.13,0.37,0.64,0.27,35.5
USER_0720,0.09,0.72,0.92,0.83,52.8
USER_0721,0.3,0.61,0.91,0.6,57.6
USER_0722,0.23,0.6,0.06,0.24,29.0
USER_0723,0.55,0.12,0.96,0.9,54.4
USER_0724,0.33,0.62,0.05,0.58,33.3
USER_0725,0.41,0.9,0.93,0.5,71.3
USER_0726,0.94,0.09,0.55,0.03,56.8
USER_0727,0.16,0.34,0.53,0.91,32.5
USER_0728,0.39,0.51,0.71,0.95,52.2
USER_0729,0.26,0.69,0.88,0.56,57.5
USER_0730,0.55,0.09,0.62,0.44,43.3
USER_0731,0.74,0.87,0.43,0.36,68.6
USER_0732,0.82,0.04,0.11,0.27,37.3
USER_0733,0.52,0.86,0.79,0.57,70.3
USER_0734,0.85,0.03,0.13,0.13,38.8
USER_0735,0.79,0.15,0.73,0.92,58.0
USER_0736,0.16,0.8,0.53,0.18,46.3
USER_0737,0.25,0.86,0.39,0.75,47.5
USER_0738,0.67,0.98,0.61,0.31,74.5
USER_0739,0.97,0.12,0.77,0.23,65.5
USER_0740,0.38,0.53,0.94,0.56,59.3
USER_0741,0.23,0.08,0.26,0.77,19.4
USER_0742,0.87,0.16,0.95,0.73,68.1
USER_0743,0.2,0.17,0.96,0.23,41.9
USER_0744,0.7,0.06,0.81,0.33,54.1
USER_0745,0.03,0.89,0.88,0.87,54.3
USER_0746,0.02,0.13,0.69,0.72,25.4
USER_0747,0.45,0.63,0.04,0.71,38.1
USER_0748,0.66,0.63,0.58,0.27,62.7
USER_0749,0.14,0.2,0.75,0.79,34.1
USER_0750,0.76,1.0,0.94,0.36,88.6
USER_0751,0.13,0.35,0.57,0.4,32.8
USER_0752,0.53,0.91,0.79,0.29,72.2
USER_0753,0.31,0.95,0.71,0.12,62.2
USER_0754,0.75,0.95,0.28,0.42,66.9
USER_0755,0.8,0.75,0.15,0.02,59.0
USER_0756,0.07,0.25,0.75,0.46,32.8
USER_0757,0.19,0.12,0.23,0.73,18.1
USER_0758,0.89,0.57,0.24,0.96,59.9
USER_0759,0.42,0.36,0.64,0.08,46.8
USER_0760,0.48,0.83,0.79,0.28,67.8
USER_0761,0.17,0.74,0.58,0.49,46.4
USER_0762,0.99,0.28,0.88,0.17,74.4
USER_0763,0.92,0.02,0.21,0.12,43.7
USER_0764,0.0,0.24,0.25,0.45,14.7
USER_0765,0.55,0.57,0.64,0.58,58.3
USER_0766,0.87,0.08,0.83,0.82,62.1
USER_0767,0.43,0.66,0.54,1.0,53.2
USER_0768,0.44,0.67,0.01,0.77,38.0
USER_0769,0.38,0.17,0.68,0.22,40.7
USER_0770,0.03,0.6,0.81,0.75,43.5
USER_0771,0.79,0.61,0.28,0.54,58.3
USER_0772,0.46,0.48,0.05,0.45,34.3
USER_0773,0.53,0.95,0.52,0.94,65.3
USER_0774,0.26,0.11,0.04,0.7,14.9
USER_0775,0.78,0.41,0.42,0.68,56.1
USER_0776,0.79,0.88,0.02,0.01,58.6
USER_0777,0.55,0.39,0.22,0.87,40.3
USER_0778,0.9,0.42,0.39,0.79,60.3
USER_0779,0.12,0.67,0.11,0.3,28.2
USER_0780,0.79,0.67,0.11,0.29,55.0
USER_0781,0.56,0.02,0.83,0.05,47.9
USER_0782,0.23,0.46,0.04,0.05,24.2
USER_0783,0.13,0.33,0.69,0.67,35.8
USER_0784,0.3,0.63,0.81,0.19,55.2
USER_0785,0.86,0.56,0.13,0.92,55.1
USER_0786,0.79,0.65,0.2,0.84,57.1
USER_0787,0.65,0.65,0.64,0.35,64.7
USER_0788,0.09,0.25,0.32,0.38,20.7
USER_0789,0.95,0.25,0.48,0.33,59.9
USER_0790,0.31,0.37,0.84,0.09,48.7
USER_0791,0.61,0.24,0.14,0.03,35.8
USER_0792,0.8,0.68,0.62,0.45,71.0
USER_0793,0.13,0.6,0.94,0.94,51.4
USER_0794,0.65,0.22,0.06,0.92,34.4
USER_0795,0.03,0.88,0.06,0.81,29.4
USER_0796,0.1,0.46,0.55,0.63,34.3
USER_0797,0.72,0.13,0.96,0.86,61.5
USER_0798,0.16,0.21,0.22,0.52,19.3
USER_0799,0.44,0.54,0.33,0.18,43.7
USER_0800,0.25,0.34,0.1,0.68,23.2
USER_0801,0.42,0.85,0.36,0.92,53.1
USER_0802,0.08,0.49,0.04,0.02,19.1
USER_0803,0.75,0.92,0.39,0.25,69.3
USER_0804,0.08,0.1,0.56,0.27,23.0
USER_0805,0.84,0.67,0.98,0.1,83.1
USER_0806,0.66,0.89,0.82,0.23,77.7
USER_0807,0.42,0.29,0.82,0.38,50.1
USER_0808,0.87,0.14,0.23,0.94,45.9
USER_0809,0.19,0.46,0.09,0.86,24.1
USER_0810,0.26,0.96,0.6,0.95,57.2
USER_0811,0.14,0.63,0.52,0.12,40.1
USER_0812,0.38,0.64,0.52,0.03,50.0
USER_0813,0.99,0.67,0.11,0.11,63.0
USER_0814,0.16,0.04,0.49,0.91,22.3
USER_0815,0.83,0.45,0.15,0.16,51.2
USER_0816,0.65,0.08,0.42,0.57,41.0
USER_0817,0.02,0.32,0.06,0.23,12.2
USER_0818,0.94,0.82,0.86,0.02,88.0
USER_0819,0.97,0.66,0.01,0.08,58.9
USER_0820,0.92,1.0,0.94,0.71,95.0
USER_0821,0.5,0.17,0.86,0.18,50.9
USER_0822,0.22,0.4,0.75,0.23,43.3
USER_0823,0.39,0.81,0.98,0.38,69.3
USER_0824,0.61,0.22,0.05,0.66,32.5
USER_0825,0.38,0.15,0.64,0.47,38.9
USER_0826,0.71,0.43,0.85,0.94,66.8
USER_0827,0.8,0.38,0.13,0.43,47.3
USER_0828,0.21,0.98,0.58,0.2,55.2
USER_0829,0.4,0.46,0.39,0.54,41.5
USER_0830,0.96,0.86,0.44,0.45,77.4
USER_0831,0.25,0.89,0.91,0.79,64.0
USER_0832,0.35,0.16,0.54,0.94,35.0
USER_0833,0.04,0.72,0.09,0.84,25.9
USER_0834,0.33,0.28,0.94,0.39,49.8
USER_0835,0.37,0.09,0.19,0.22,23.2
USER_0836,0.1,0.87,0.89,0.91,56.8
USER_0837,0.0,0.29,0.97,0.39,37.8
USER_0838,0.58,0.35,0.88,0.77,60.1
USER_0839,0.3,0.32,0.68,0.99,42.0
USER_0840,0.02,0.2,0.74,0.58,29.0
USER_0841,0.86,0.43,0.7,0.48,68.3
USER_0842,0.58,0.43,0.46,0.7,49.9
USER_0843,0.17,0.41,0.27,0.19,27.2
USER_0844,0.87,0.92,0.29,0.49,71.1
USER_0845,0.25,0.34,0.73,0.31,42.1
USER_0846,0.23,0.03,0.63,0.16,29.0
USER_0847,0.89,0.18,0.58,0.61,58.4
USER_0848,0.18,0.72,0.65,0.58,48.3
USER_0849,0.88,0.59,0.77,0.76,76.0
USER_0850,0.8,0.95,0.75,0.87,83.0
USER_0851,0.31,0.69,0.11,0.22,36.4
USER_0852,0.03,0.19,0.36,0.78,17.7
USER_0853,0.08,0.12,0.26,0.37,14.6
USER_0854,0.11,0.52,0.54,0.63,36.2
USER_0855,0.89,0.67,0.06,0.85,57.5
USER_0856,0.4,0.17,0.76,0.26,43.9
USER_0857,0.03,0.6,0.11,0.6,22.5
USER_0858,0.56,0.87,0.27,0.48,56.6
USER_0859,0.21,0.73,0.78,0.79,53.7
USER_0860,0.24,0.66,0.05,0.7,30.9
USER_0861,0.16,0.79,0.66,0.77,49.9
USER_0862,0.76,0.1,0.92,0.29,61.0
USER_0863,0.0,0.2,0.62,0.7,24.6
USER_0864,0.44,0.04,0.71,0.61,40.1
USER_0865,0.09,0.14,0.79,0.46,31.5
USER_0866,0.55,0.91,0.22,0.38,55.9
USER_0867,0.35,0.22,0.58,0.33,38.0
USER_0868,0.03,0.66,0.31,0.01,30.3
USER_0869,0.46,0.69,0.25,0.17,46.6
USER_0870,0.57,0.65,0.19,0.06,48.0
USER_0871,0.25,0.55,0.59,0.85,44.2
USER_0872,0.77,0.49,0.79,0.86,69.2
USER_0873,0.37,0.42,0.88,0.85,53.8
USER_0874,0.75,0.92,0.43,0.82,70.5
USER_0875,0.58,0.01,0.37,0.22,34.6
USER_0876,0.87,0.05,0.69,0.49,57.0
USER_0877,0.55,0.49,0.78,0.91,60.1
USER_0878,0.19,0.33,0.25,0.76,25.0
USER_0879,0.82,0.41,0.3,0.0,54.1
USER_0880,0.78,1.0,0.53,0.46,77.1
USER_0881,0.97,0.78,0.44,0.01,75.4
USER_0882,0.09,0.88,0.71,0.28,51.3
USER_0883,0.59,0.37,0.5,0.44,49.7
USER_0884,0.49,0.24,0.11,0.89,30.1
USER_0885,0.67,0.77,0.17,0.65,55.0
USER_0886,0.98,0.81,0.9,0.36,90.5
USER_0887,0.53,0.55,0.23,0.49,44.6
USER_0888,0.69,0.9,0.05,0.82,56.1
USER_0889,0.35,0.97,0.73,0.3,65.0
USER_0890,0.3,0.47,0.68,0.62,46.5
USER_0891,0.34,0.22,0.6,0.26,38.2
USER_0892,0.04,0.52,0.5,0.48,32.2
USER_0893,0.28,0.99,0.97,0.02,70.0
USER_0894,0.17,0.29,0.12,0.85,19.1
USER_0895,0.46,0.62,0.51,0.05,52.3
USER_0896,0.46,0.69,0.56,0.22,55.9
USER_0897,0.77,0.21,0.02,0.33,37.7
USER_0898,0.5,0.59,0.41,0.63,50.0
USER_0899,0.46,0.31,0.78,0.72,51.1
USER_0900,0.23,0.85,0.47,0.08,48.8
USER_0901,0.85,0.71,0.88,0.04,81.7
USER_0902,0.09,0.83,0.64,0.8,47.7
USER_0903,0.98,0.2,0.77,0.71,68.3
USER_0904,0.48,0.03,0.8,0.83,44.1
USER_0905,0.19,0.85,0.69,0.68,53.8
USER_0906,0.35,0.39,0.75,0.75,48.2
USER_0907,0.02,0.18,0.7,0.38,27.2
USER_0908,0.17,0.09,0.55,0.59,26.0
USER_0909,0.34,0.52,0.57,0.81,46.3
USER_0910,0.55,0.15,0.19,0.17,32.2
USER_0911,0.13,0.57,0.83,0.42,47.2
USER_0912,0.68,0.73,0.31,0.74,58.4
USER_0913,0.84,0.54,0.54,0.53,66.0
USER_0914,0.57,0.9,0.25,0.68,57.3
USER_0915,0.3,0.16,0.7,0.29,37.8
USER_0916,0.12,0.49,0.98,0.03,48.9
USER_0917,0.02,0.16,0.8,0.03,29.6
USER_0918,0.73,0.88,0.62,0.94,74.2
USER_0919,0.63,0.93,0.57,0.94,70.2
USER_0920,0.48,0.4,0.49,0.21,45.9
USER_0921,0.1,0.31,0.2,0.15,19.3
USER_0922,0.21,0.28,0.35,0.02,27.3
USER_0923,0.82,0.86,0.41,0.23,70.9
USER_0924,0.48,0.68,0.94,0.33,67.8
USER_0925,0.96,0.88,0.43,0.24,77.7
USER_0926,1.0,0.12,0.59,0.8,61.3
USER_0927,0.8,0.48,0.92,0.75,74.0
USER_0928,0.26,0.68,0.52,0.08,46.4
USER_0929,0.23,0.9,0.25,0.7,43.7
USER_0930,0.25,0.38,0.38,0.52,32.8
USER_0931,0.99,0.31,0.38,0.13,60.3
USER_0932,0.34,0.91,0.71,0.74,62.2
USER_0933,0.71,0.05,0.3,0.09,38.9
USER_0934,0.96,0.48,0.73,0.18,74.7
USER_0935,0.82,0.46,0.89,0.15,73.3
USER_0936,0.6,0.15,0.34,0.94,38.7
USER_0937,0.17,0.39,0.14,0.7,22.7
USER_0938,0.17,0.72,0.64,0.41,47.6
USER_0939,0.49,0.37,0.36,0.82,41.5
USER_0940,0.95,0.31,0.53,0.22,63.2
USER_0941,0.9,0.78,0.63,0.93,78.3
USER_0942,0.17,0.99,0.41,0.7,48.8
USER_0943,0.29,0.78,0.92,0.56,62.6
USER_0944,0.59,0.85,0.4,0.79,61.1
USER_0945,0.48,0.94,0.31,0.64,56.7
USER_0946,0.12,0.8,0.89,0.89,55.5
USER_0947,0.37,0.98,0.14,0.83,48.4
USER_0948,0.95,0.75,0.12,0.2,64.1
USER_0949,0.95,0.66,0.94,0.24,86.0
USER_0950,0.56,0.69,0.21,0.07,49.4
USER_0951,0.64,0.9,0.15,0.22,57.1
USER_0952,0.22,0.68,0.54,0.34,45.4
USER_0953,0.74,0.76,0.05,0.03,53.9
USER_0954,0.05,0.22,0.62,0.31,27.2
USER_0955,0.22,0.91,0.45,0.77,49.6
USER_0956,0.01,0.45,0.64,0.84,33.1
USER_0957,0.39,0.16,0.28,0.01,28.8
USER_0958,0.85,0.8,0.91,0.01,85.3
USER_0959,0.98,0.36,0.27,0.15,58.1
USER_0960,0.67,0.18,0.64,0.87,51.4
USER_0961,0.74,0.26,0.95,0.47,65.9
USER_0962,0.26,0.03,0.4,0.98,23.3
USER_0963,0.52,0.09,0.16,0.89,28.3
USER_0964,0.74,0.59,0.07,0.89,49.4
USER_0965,0.5,0.87,0.96,0.13,74.9
USER_0966,0.09,0.45,0.76,0.48,39.9
USER_0967,0.74,0.63,0.92,0.99,76.1
USER_0968,0.22,0.81,0.7,0.15,54.1
USER_0969,0.1,0.36,0.34,0.57,25.0
USER_0970,0.48,0.65,0.12,0.34,42.3
USER_0971,0.07,0.35,0.93,0.39,41.2
USER_0972,0.63,0.64,0.49,0.89,59.1
USER_0973,0.64,0.22,0.4,0.59,44.2
USER_0974,0.26,0.98,0.58,0.76,57.2
USER_0975,0.96,0.08,0.11,0.67,44.1
USER_0976,0.82,0.51,0.31,0.53,57.4
USER_0977,0.11,0.29,0.64,0.79,32.3
USER_0978,0.75,0.6,0.1,0.97,51.0
USER_0979,0.35,0.43,0.14,0.97,31.1
USER_0980,0.75,0.31,0.51,0.79,54.6
USER_0981,0.8,0.25,0.62,0.49,58.1
USER_0982,0.15,0.18,0.19,0.16,17.1
USER_0983,0.66,0.78,0.03,0.04,50.7
USER_0984,0.86,0.22,0.96,0.23,69.8
USER_0985,0.32,0.77,0.03,0.34,36.8
USER_0986,0.08,0.49,0.0,0.13,17.9
USER_0987,0.03,0.07,0.32,0.22,12.9
USER_0988,0.11,0.17,0.22,0.08,16.1
USER_0989,0.0,0.89,0.57,0.52,43.8
USER_0990,0.33,0.6,0.89,0.13,57.9
USER_0991,0.3,0.18,0.48,0.74,31.8
USER_0992,0.11,0.7,0.77,0.33,48.5
USER_0993,0.65,0.82,0.91,0.67,77.9
USER_0994,0.99,0.33,0.19,0.88,55.2
USER_0995,0.9,0.56,0.49,0.09,67.5
USER_0996,0.25,0.29,0.64,0.99,37.9
USER_0997,0.77,0.08,0.33,0.65,43.1
USER_0998,0.94,0.4,0.74,0.05,71.8
USER_0999,0.91,0.75,0.71,0.31,80.2
USER_1000,0.88,0.46,0.42,0.89,61.6
